entry	name	qualified_name	subsystem	evidence	size	parameters	locals	source	thunk	external	decompile	decompile_sha256	caller_count	callee_count	string_count	c_file	asm_file
00100210	offloadPortConfig	offloadPortConfig	octeon-offload	retained-or-recovered-symbol	1	0	0	IMPORTED	false	false	success	0a018c52401a8685127efb0624a3e64ce677f3e4685d3eba8429bae7c163f252	0	0	0	decompiled/00100210_offloadPortConfig.c	assembly/00100210_offloadPortConfig.asm
001002e0	sysctlHwOffloadBrcmHandler	sysctlHwOffloadBrcmHandler	octeon-offload	retained-or-recovered-symbol	1	0	0	IMPORTED	false	false	success	12e99ab1bd2a19e4943cfa759a047a98be4bcf57f78aed6ba2e5d41d8cc43e69	0	0	0	decompiled/001002e0_sysctlHwOffloadBrcmHandler.c	assembly/001002e0_sysctlHwOffloadBrcmHandler.asm
001003d0	sysctlHwOffloadVlanHandler	sysctlHwOffloadVlanHandler	bcm53115-switch	retained-or-recovered-symbol	1	0	0	IMPORTED	false	false	success	6e9c833248d8a8d3f46d526c23ad29ab9d25f9c002bb155e497a2f07fae1e2a2	0	0	0	decompiled/001003d0_sysctlHwOffloadVlanHandler.c	assembly/001003d0_sysctlHwOffloadVlanHandler.asm
001004c0	hwOffloadSysctlUnregister	hwOffloadSysctlUnregister	octeon-offload	retained-or-recovered-symbol	1	0	0	IMPORTED	false	false	success	1e19b883733938ffaf470dd56c3e5d7faee3fcb443eb415bdd22764a3319a300	0	0	0	decompiled/001004c0_hwOffloadSysctlUnregister.c	assembly/001004c0_hwOffloadSysctlUnregister.asm
00100580	local_cavium_ethernet_text_000370	local_cavium_ethernet_text_000370	octeon-ethernet	retained-or-recovered-symbol	60	0	0	USER_DEFINED	false	false	success	961b1bcdc0e2119010abf6a83bdd7aede9159c067ce61d4962c57be5d64063ba	0	0	0	decompiled/00100580_local_cavium_ethernet_text_000370.c	assembly/00100580_local_cavium_ethernet_text_000370.asm
001005c0	local_cavium_ethernet_text_0003b0	local_cavium_ethernet_text_0003b0	octeon-ethernet	retained-or-recovered-symbol	60	0	0	USER_DEFINED	false	false	success	9aad943c3a87ea618d8ff1c54c41f6c932fa079c4b3b3a03fc27afed1cd52a3b	0	0	0	decompiled/001005c0_local_cavium_ethernet_text_0003b0.c	assembly/001005c0_local_cavium_ethernet_text_0003b0.asm
00100600	local_cavium_ethernet_text_0003f0	local_cavium_ethernet_text_0003f0	octeon-ethernet	retained-or-recovered-symbol	60	0	0	USER_DEFINED	false	false	success	a2821508d56716b8a69e9dd548fb6a6b5e7ecb0362e4251f11b2299c01a0950c	0	0	0	decompiled/00100600_local_cavium_ethernet_text_0003f0.c	assembly/00100600_local_cavium_ethernet_text_0003f0.asm
00100640	local_cavium_ethernet_text_000430	local_cavium_ethernet_text_000430	octeon-ethernet	retained-or-recovered-symbol	60	0	0	USER_DEFINED	false	false	success	c61c42366ee0817244e3bdf0c1a107a9b7141db67322273d064c86f272390661	0	0	0	decompiled/00100640_local_cavium_ethernet_text_000430.c	assembly/00100640_local_cavium_ethernet_text_000430.asm
00100680	local_cavium_ethernet_text_000470	local_cavium_ethernet_text_000470	octeon-ethernet	retained-or-recovered-symbol	60	0	0	USER_DEFINED	false	false	success	834a1ef1cf479134452fb8d9812a256f5f1f0aaca866294936044cb0439aa404	0	0	0	decompiled/00100680_local_cavium_ethernet_text_000470.c	assembly/00100680_local_cavium_ethernet_text_000470.asm
001006c0	local_cavium_ethernet_text_0004b0	local_cavium_ethernet_text_0004b0	octeon-ethernet	retained-or-recovered-symbol	168	0	0	USER_DEFINED	false	false	success	7864516f059178173c5b796f50bee07485053a9127014646ffcecc30c551e9d8	0	0	0	decompiled/001006c0_local_cavium_ethernet_text_0004b0.c	assembly/001006c0_local_cavium_ethernet_text_0004b0.asm
00100768	hwOffloadSysctlRegister	hwOffloadSysctlRegister	octeon-offload	retained-or-recovered-symbol	1	0	0	IMPORTED	false	false	success	ea42ffcb568006be96e87f7b7b99c83617e773d332898559b7dab0507b8dcf0c	0	0	0	decompiled/00100768_hwOffloadSysctlRegister.c	assembly/00100768_hwOffloadSysctlRegister.asm
00100a10	allocateCacheMemory	allocateCacheMemory	module-support	retained-or-recovered-symbol	1	0	0	IMPORTED	false	false	success	79004b3b06f263972ec8c56f5664a6af903ba40593ff118cf3ab1cf20576cf22	0	0	0	decompiled/00100a10_allocateCacheMemory.c	assembly/00100a10_allocateCacheMemory.asm
00100b78	sysctlHwOffloadHandler	sysctlHwOffloadHandler	octeon-offload	retained-or-recovered-symbol	1	0	0	IMPORTED	false	false	success	a6ea9ab1e5237ee5e2d3185c628048803af95175eb83ddd7c3a332765618f56b	0	0	0	decompiled/00100b78_sysctlHwOffloadHandler.c	assembly/00100b78_sysctlHwOffloadHandler.asm
00100bb8	local_cavium_ethernet_text_0009a8	local_cavium_ethernet_text_0009a8	octeon-ethernet	retained-or-recovered-symbol	548	0	0	USER_DEFINED	false	false	success	42262add86716b85dd276374d4564342f2bd91a17e51d988f0d86d0cabacec9b	0	0	0	decompiled/00100bb8_local_cavium_ethernet_text_0009a8.c	assembly/00100bb8_local_cavium_ethernet_text_0009a8.asm
00100de8	local_cavium_ethernet_text_000bd8	local_cavium_ethernet_text_000bd8	octeon-ethernet	retained-or-recovered-symbol	220	0	0	USER_DEFINED	false	false	success	f565ca9c20843fdc2641c67eb171693dafd6201407c7d0bf542d1a872e9b6161	0	0	0	decompiled/00100de8_local_cavium_ethernet_text_000bd8.c	assembly/00100de8_local_cavium_ethernet_text_000bd8.asm
00100ec8	local_cavium_ethernet_text_000cb8	local_cavium_ethernet_text_000cb8	octeon-ethernet	retained-or-recovered-symbol	124	0	0	USER_DEFINED	false	false	success	ca7bb49d29105be8e98494911b033c6f774ac1b08a52e91a1829fb7798922c91	0	0	0	decompiled/00100ec8_local_cavium_ethernet_text_000cb8.c	assembly/00100ec8_local_cavium_ethernet_text_000cb8.asm
00100f48	local_cavium_ethernet_text_000d38	local_cavium_ethernet_text_000d38	octeon-ethernet	retained-or-recovered-symbol	108	0	0	USER_DEFINED	false	false	success	36742efdd3d2aa861d27d9161b399a0ef767c0df4b3fd306140f2c4b33ba76b6	0	0	0	decompiled/00100f48_local_cavium_ethernet_text_000d38.c	assembly/00100f48_local_cavium_ethernet_text_000d38.asm
00100fb8	cvm_oct_register_callback	cvm_oct_register_callback	octeon-ethernet	retained-or-recovered-symbol	1	0	0	IMPORTED	false	false	success	15c3094d9d1134545b8d8e4c7741294537f3a82bd340147e60ddd844c3750e54	0	0	0	decompiled/00100fb8_cvm_oct_register_callback.c	assembly/00100fb8_cvm_oct_register_callback.asm
001010c0	TF1_cvm_oct_mdio_read	TF1_cvm_oct_mdio_read	mdio-pseudophy	retained-or-recovered-symbol	1	0	0	IMPORTED	false	false	success	f8ccc29308a4707e7d492c20a9fecf637a91972317f90e5301edf4f58b2f2ec5	0	0	0	decompiled/001010c0_TF1_cvm_oct_mdio_read.c	assembly/001010c0_TF1_cvm_oct_mdio_read.asm
00101188	cvm_oct_mdio_write	cvm_oct_mdio_write	mdio-pseudophy	retained-or-recovered-symbol	1	0	0	IMPORTED	false	false	success	a422e55ca3280fdda1b84a0b46774edb165a58ffd503f29a87a846c02fdfab7b	0	0	0	decompiled/00101188_cvm_oct_mdio_write.c	assembly/00101188_cvm_oct_mdio_write.asm
00101248	local_cavium_ethernet_text_001038	local_cavium_ethernet_text_001038	octeon-ethernet	retained-or-recovered-symbol	856	0	0	USER_DEFINED	false	false	success	2feec5f9ed4c38f32e6ed9255cff024167b57a1e9868a10dc3e4d22d15978231	0	0	0	decompiled/00101248_local_cavium_ethernet_text_001038.c	assembly/00101248_local_cavium_ethernet_text_001038.asm
001015a8	cvm_oct_free_work	cvm_oct_free_work	octeon-ethernet	retained-or-recovered-symbol	1	0	0	IMPORTED	false	false	success	df34798c23bc10621d130c255298b4e4819f8f295f7a14c4c853d7be1eb5d078	0	0	0	decompiled/001015a8_cvm_oct_free_work.c	assembly/001015a8_cvm_oct_free_work.asm
00101770	cvm_oct_common_uninit	cvm_oct_common_uninit	octeon-ethernet	retained-or-recovered-symbol	1	0	0	IMPORTED	false	false	success	b40cb0425d562edfa1644b4f1004bdcd57e66b0a32207b0ad4e76b0426451174	0	0	0	decompiled/00101770_cvm_oct_common_uninit.c	assembly/00101770_cvm_oct_common_uninit.asm
00101778	local_cavium_ethernet_text_001568	local_cavium_ethernet_text_001568	octeon-ethernet	retained-or-recovered-symbol	200	0	0	USER_DEFINED	false	false	success	bc59468560964e3dce4a46053b13835b73bd26e13c10b0f805af8e6b0e169a72	0	0	0	decompiled/00101778_local_cavium_ethernet_text_001568.c	assembly/00101778_local_cavium_ethernet_text_001568.asm
00101848	local_cavium_ethernet_text_001638	local_cavium_ethernet_text_001638	octeon-ethernet	retained-or-recovered-symbol	236	0	0	USER_DEFINED	false	false	success	70719aa8a343bb7282aa95af8ac85312cef8beecb8ead2d5cc86f506386aa929	0	0	0	decompiled/00101848_local_cavium_ethernet_text_001638.c	assembly/00101848_local_cavium_ethernet_text_001638.asm
00101938	brcm_miiphy_read	brcm_miiphy_read	mdio-pseudophy	retained-or-recovered-symbol	1	0	0	IMPORTED	false	false	success	6d137f309d4d3f0705d578682c2ed18db64b48ea870ff6ba84ac5821c3955a36	0	0	0	decompiled/00101938_brcm_miiphy_read.c	assembly/00101938_brcm_miiphy_read.asm
00101ac0	brcm_miiphy_write	brcm_miiphy_write	mdio-pseudophy	retained-or-recovered-symbol	1	0	0	IMPORTED	false	false	success	5f5bfd40563fc0ae5d057d5ba096370dad5a831d214c90a49fdd30ff918aae4a	0	0	0	decompiled/00101ac0_brcm_miiphy_write.c	assembly/00101ac0_brcm_miiphy_write.asm
00101cc8	cvm_oct_common_init	cvm_oct_common_init	octeon-ethernet	retained-or-recovered-symbol	1	0	0	IMPORTED	false	false	success	9aec0b01bb7f92b329986a87ff5042fb632a7a226a76431ba1f64d64d5d0ad8a	0	0	0	decompiled/00101cc8_cvm_oct_common_init.c	assembly/00101cc8_cvm_oct_common_init.asm
00102238	local_cavium_ethernet_text_002028	local_cavium_ethernet_text_002028	octeon-ethernet	retained-or-recovered-symbol	524	0	0	USER_DEFINED	false	false	success	c1c307e7c9ca24188e8ded7dc3f82d79ad98439ee04eb38bd9b091054fc1e9a2	0	0	0	decompiled/00102238_local_cavium_ethernet_text_002028.c	assembly/00102238_local_cavium_ethernet_text_002028.asm
00102448	local_cavium_ethernet_text_002238	local_cavium_ethernet_text_002238	octeon-ethernet	retained-or-recovered-symbol	1240	0	0	USER_DEFINED	false	false	success	509585afcb5584db23d3cb5dcf8051389f787c4b1310c6bf14c4280c39b5a294	0	0	0	decompiled/00102448_local_cavium_ethernet_text_002238.c	assembly/00102448_local_cavium_ethernet_text_002238.asm
00102928	local_cavium_ethernet_text_002718	local_cavium_ethernet_text_002718	octeon-ethernet	retained-or-recovered-symbol	648	0	0	USER_DEFINED	false	false	success	2b85a74dea0a21009da46612a812c8a3dfd18bff12dd7fafa08c2e816b3db1d6	0	0	0	decompiled/00102928_local_cavium_ethernet_text_002718.c	assembly/00102928_local_cavium_ethernet_text_002718.asm
00102bb8	local_cavium_ethernet_text_0029a8	local_cavium_ethernet_text_0029a8	octeon-ethernet	retained-or-recovered-symbol	696	0	0	USER_DEFINED	false	false	success	bac03c2b2d56bae9552c6d405224a716e89b6386a3d0faa374cf9b4274267127	0	0	0	decompiled/00102bb8_local_cavium_ethernet_text_0029a8.c	assembly/00102bb8_local_cavium_ethernet_text_0029a8.asm
00102e70	local_cavium_ethernet_text_002c60	local_cavium_ethernet_text_002c60	octeon-ethernet	retained-or-recovered-symbol	8	0	0	USER_DEFINED	false	false	success	ebdb8cfcf7f8aef4bb55a567a3a87a9715dd877d943c9580d66836978ec2bd2f	0	0	0	decompiled/00102e70_local_cavium_ethernet_text_002c60.c	assembly/00102e70_local_cavium_ethernet_text_002c60.asm
00102e78	local_cavium_ethernet_text_002c68	local_cavium_ethernet_text_002c68	octeon-ethernet	retained-or-recovered-symbol	8	0	0	USER_DEFINED	false	false	success	0b050fc6d119ce34b83f83a30c06dd4a765475a70e9fcd3f106c45f7fed5b24b	0	0	0	decompiled/00102e78_local_cavium_ethernet_text_002c68.c	assembly/00102e78_local_cavium_ethernet_text_002c68.asm
00102e80	local_cavium_ethernet_text_002c70	local_cavium_ethernet_text_002c70	octeon-ethernet	retained-or-recovered-symbol	160	0	0	USER_DEFINED	false	false	success	6ceddf48a728398cf2b752e05a0a5c5eb5157c522d6b0e43529d462c3560eeaf	0	0	0	decompiled/00102e80_local_cavium_ethernet_text_002c70.c	assembly/00102e80_local_cavium_ethernet_text_002c70.asm
00102f20	cvm_oct_mdio_setup_device	cvm_oct_mdio_setup_device	mdio-pseudophy	retained-or-recovered-symbol	1	0	0	IMPORTED	false	false	success	34947f7e2c32ab4961636f5edd3c7367d3e55a61342a50cb2a5e00ba8537af3f	0	0	0	decompiled/00102f20_cvm_oct_mdio_setup_device.c	assembly/00102f20_cvm_oct_mdio_setup_device.asm
00103030	local_cavium_ethernet_text_002e20	local_cavium_ethernet_text_002e20	octeon-ethernet	retained-or-recovered-symbol	32	0	0	USER_DEFINED	false	false	success	89473cd985a9deff6d391c102d48ad30efc1e8ca10892a2ea3d8a25030c7684a	0	0	0	decompiled/00103030_local_cavium_ethernet_text_002e20.c	assembly/00103030_local_cavium_ethernet_text_002e20.asm
00103050	local_cavium_ethernet_text_002e40	local_cavium_ethernet_text_002e40	octeon-ethernet	retained-or-recovered-symbol	32	0	0	USER_DEFINED	false	false	success	b41c8e1212ae9822749b6d69cfc1b83cf536649811af2dbfa7b1e8a5ee00db94	0	0	0	decompiled/00103050_local_cavium_ethernet_text_002e40.c	assembly/00103050_local_cavium_ethernet_text_002e40.asm
00103070	local_cavium_ethernet_text_002e60	local_cavium_ethernet_text_002e60	octeon-ethernet	retained-or-recovered-symbol	32	0	0	USER_DEFINED	false	false	success	34dda1242a48ab7cf7ea3505dedafdfc7067a15c381f6096eecf55a55f80d3a7	0	0	0	decompiled/00103070_local_cavium_ethernet_text_002e60.c	assembly/00103070_local_cavium_ethernet_text_002e60.asm
00103090	local_cavium_ethernet_text_002e80	local_cavium_ethernet_text_002e80	octeon-ethernet	retained-or-recovered-symbol	32	0	0	USER_DEFINED	false	false	success	531df64450c90c45ad0917fb1ebed8aeb81560e271ae30e4321431e8008a3795	0	0	0	decompiled/00103090_local_cavium_ethernet_text_002e80.c	assembly/00103090_local_cavium_ethernet_text_002e80.asm
001030b0	cvm_oct_ioctl	cvm_oct_ioctl	octeon-ethernet	retained-or-recovered-symbol	1	0	0	IMPORTED	false	false	success	2124e46160ac9aba693b0b5f2930d92ddab5dabc7ec965665bf62bf4c33b401b	0	0	0	decompiled/001030b0_cvm_oct_ioctl.c	assembly/001030b0_cvm_oct_ioctl.asm
001030f0	local_cavium_ethernet_text_002ee0	local_cavium_ethernet_text_002ee0	octeon-ethernet	retained-or-recovered-symbol	184	0	0	USER_DEFINED	false	false	success	a209058955380521ffb00c39806c87f1f3935af81cd1848a1f768ea926e7c23b	0	0	0	decompiled/001030f0_local_cavium_ethernet_text_002ee0.c	assembly/001030f0_local_cavium_ethernet_text_002ee0.asm
001031b0	local_cavium_ethernet_text_002fa0	local_cavium_ethernet_text_002fa0	octeon-ethernet	retained-or-recovered-symbol	176	0	0	USER_DEFINED	false	false	success	e432c52ff6f56ea4c953b212db1258db4499f51ce9affc652565892d2ebe901d	0	0	0	decompiled/001031b0_local_cavium_ethernet_text_002fa0.c	assembly/001031b0_local_cavium_ethernet_text_002fa0.asm
00103280	cvm_oct_mem_empty_fpa	cvm_oct_mem_empty_fpa	octeon-ethernet	retained-or-recovered-symbol	1	0	0	IMPORTED	false	false	success	07f0936b64a760b4080af74d045cc53d1c6630a30cb01d6afbfd324276145af5	0	0	0	decompiled/00103280_cvm_oct_mem_empty_fpa.c	assembly/00103280_cvm_oct_mem_empty_fpa.asm
001033c0	local_cavium_ethernet_text_0031b0	local_cavium_ethernet_text_0031b0	octeon-ethernet	retained-or-recovered-symbol	484	0	0	USER_DEFINED	false	false	success	751e071329ce056fea525087e43d7005dd3ef410da694dcbef3228ab1fc12a10	0	0	0	decompiled/001033c0_local_cavium_ethernet_text_0031b0.c	assembly/001033c0_local_cavium_ethernet_text_0031b0.asm
001035a8	cvm_oct_mem_fill_fpa_tf1	cvm_oct_mem_fill_fpa_tf1	octeon-ethernet	retained-or-recovered-symbol	1	0	0	IMPORTED	false	false	success	0056e032da3623779ce0a563f6f6f93e70271cf3841b8bb4f35c556f028283f5	0	0	0	decompiled/001035a8_cvm_oct_mem_fill_fpa_tf1.c	assembly/001035a8_cvm_oct_mem_fill_fpa_tf1.asm
001035c8	cvm_oct_mem_fill_fpa	cvm_oct_mem_fill_fpa	octeon-ethernet	retained-or-recovered-symbol	1	0	0	IMPORTED	false	false	success	3ef525cc76a9e044acb9303b6ccf044f94902b793de3a9c7ce94095c3b915b71	0	0	0	decompiled/001035c8_cvm_oct_mem_fill_fpa.c	assembly/001035c8_cvm_oct_mem_fill_fpa.asm
001035e8	cvm_oct_fill_hw_memory	cvm_oct_fill_hw_memory	octeon-ethernet	retained-or-recovered-symbol	1	0	0	IMPORTED	false	false	success	607dfb660801133e881cdcbdd8830f62bd8d48874cc4ae2c7c92a576dae28af0	0	0	0	decompiled/001035e8_cvm_oct_fill_hw_memory.c	assembly/001035e8_cvm_oct_fill_hw_memory.asm
00103730	local_cavium_ethernet_text_003520	local_cavium_ethernet_text_003520	octeon-ethernet	retained-or-recovered-symbol	136	0	0	USER_DEFINED	false	false	success	fc41d2d42a54fd5fee6d81f52f0ed0ec1ca37d042a2030d377f531f320538fda	0	0	0	decompiled/00103730_local_cavium_ethernet_text_003520.c	assembly/00103730_local_cavium_ethernet_text_003520.asm
001037b8	cvm_oct_proc_shutdown	cvm_oct_proc_shutdown	octeon-ethernet	retained-or-recovered-symbol	1	0	0	IMPORTED	false	false	success	c11e8a636212e03d9d9da234725c81ee8e1fb877353b712c710173f215eb578f	0	0	0	decompiled/001037b8_cvm_oct_proc_shutdown.c	assembly/001037b8_cvm_oct_proc_shutdown.asm
001037f0	cvm_oct_proc_initialize	cvm_oct_proc_initialize	octeon-ethernet	retained-or-recovered-symbol	1	0	0	IMPORTED	false	false	success	90341e86ba8219a62f534e3ed4d476d4ee338a63cfa193478b597012f4ade186	0	0	0	decompiled/001037f0_cvm_oct_proc_initialize.c	assembly/001037f0_cvm_oct_proc_initialize.asm
00103868	local_cavium_ethernet_text_003658	local_cavium_ethernet_text_003658	octeon-ethernet	retained-or-recovered-symbol	60	0	0	USER_DEFINED	false	false	success	364f1366f8d170a5b335a3a8be74bb85be558baa91d4ded31f80489258308d50	0	0	0	decompiled/00103868_local_cavium_ethernet_text_003658.c	assembly/00103868_local_cavium_ethernet_text_003658.asm
001038a8	local_cavium_ethernet_text_003698	local_cavium_ethernet_text_003698	octeon-ethernet	retained-or-recovered-symbol	1992	0	0	USER_DEFINED	false	false	success	bee94d3f175f97c78923dd9a377c281a7146e923414c275c7c12151fa414968a	0	0	0	decompiled/001038a8_local_cavium_ethernet_text_003698.c	assembly/001038a8_local_cavium_ethernet_text_003698.asm
00104070	cvm_oct_rgmii_uninit	cvm_oct_rgmii_uninit	mdio-pseudophy	retained-or-recovered-symbol	1	0	0	IMPORTED	false	false	success	7a91c7df8ff8e1a7ded998d2d1e2f992fe3165a3b543be8aed63dc147710f8d1	0	0	0	decompiled/00104070_cvm_oct_rgmii_uninit.c	assembly/00104070_cvm_oct_rgmii_uninit.asm
00104090	cvm_oct_rgmii_init	cvm_oct_rgmii_init	mdio-pseudophy	retained-or-recovered-symbol	1	0	0	IMPORTED	false	false	success	69fe83cc1578700f24041a9090b29b0821fc4b83445495329ed2c0485d1cc9fe	0	0	0	decompiled/00104090_cvm_oct_rgmii_init.c	assembly/00104090_cvm_oct_rgmii_init.asm
00104198	local_cavium_ethernet_text_003f88	local_cavium_ethernet_text_003f88	octeon-ethernet	retained-or-recovered-symbol	252	0	0	USER_DEFINED	false	false	success	634b21451d1f1bef869dbb573b7853474933ae50f915b4f0a785e8b42e1558a1	0	0	0	decompiled/00104198_local_cavium_ethernet_text_003f88.c	assembly/00104198_local_cavium_ethernet_text_003f88.asm
00104298	local_cavium_ethernet_text_004088	local_cavium_ethernet_text_004088	octeon-ethernet	retained-or-recovered-symbol	1228	0	0	USER_DEFINED	false	false	success	918e9030b9609683f49bee2c78a21ee0a61f7ff3630f7e68fe29b9e17e14012f	0	0	0	decompiled/00104298_local_cavium_ethernet_text_004088.c	assembly/00104298_local_cavium_ethernet_text_004088.asm
00104848	local_cavium_ethernet_text_004638	local_cavium_ethernet_text_004638	octeon-ethernet	retained-or-recovered-symbol	256	0	0	USER_DEFINED	false	false	success	fffc5c55cb2b9be0e126d185c9e935ab1287679b9d91964284f93782a899391b	0	0	0	decompiled/00104848_local_cavium_ethernet_text_004638.c	assembly/00104848_local_cavium_ethernet_text_004638.asm
00104950	mangleCookieValue	mangleCookieValue	module-support	retained-or-recovered-symbol	1	0	0	IMPORTED	false	false	success	21e591b4c3c6e1dcead33a4a64813a91e695f343d1fa60ec6c142b1458d02021	0	0	0	decompiled/00104950_mangleCookieValue.c	assembly/00104950_mangleCookieValue.asm
00104970	cvm_ipfwd_check_timestamp_just_created	cvm_ipfwd_check_timestamp_just_created	octeon-offload	retained-or-recovered-symbol	1	0	0	IMPORTED	false	false	success	0cac8113f6eaf1caa71a33f9b49b07dc8537f30e4ed9f5b807b7a8f8809ed9c5	0	0	0	decompiled/00104970_cvm_ipfwd_check_timestamp_just_created.c	assembly/00104970_cvm_ipfwd_check_timestamp_just_created.asm
00104988	cvm_ipfwd_check_timestamp	cvm_ipfwd_check_timestamp	octeon-offload	retained-or-recovered-symbol	1	0	0	IMPORTED	false	false	success	8a5f587b5fa14f85f68ebea597b7b822dfa4d5a43fb88656dde5bfcf79f93ad6	0	0	0	decompiled/00104988_cvm_ipfwd_check_timestamp.c	assembly/00104988_cvm_ipfwd_check_timestamp.asm
001049d0	cvm_ipfwd_get_free_entry	cvm_ipfwd_get_free_entry	octeon-offload	retained-or-recovered-symbol	1	0	0	IMPORTED	false	false	success	093f51b999244c675b13cdb0316468ca6ed2aead2ecd134e120967bac045a8e2	0	0	0	decompiled/001049d0_cvm_ipfwd_get_free_entry.c	assembly/001049d0_cvm_ipfwd_get_free_entry.asm
00104a40	cvm_ipfwd_setup_flow_info	cvm_ipfwd_setup_flow_info	octeon-offload	retained-or-recovered-symbol	1	0	0	IMPORTED	false	false	success	8f38f0d27d2118c2be8309a4d36bacf4901b9b268ab33dccf41b00c8b8bf5baf	0	0	0	decompiled/00104a40_cvm_ipfwd_setup_flow_info.c	assembly/00104a40_cvm_ipfwd_setup_flow_info.asm
00104af8	local_cavium_ethernet_text_0048e8	local_cavium_ethernet_text_0048e8	octeon-ethernet	retained-or-recovered-symbol	96	0	0	USER_DEFINED	false	false	success	f301a2b758c2747947ad32075d28828d977ce496708e1b2d7156382ce5be1c36	0	0	0	decompiled/00104af8_local_cavium_ethernet_text_0048e8.c	assembly/00104af8_local_cavium_ethernet_text_0048e8.asm
00104b58	local_cavium_ethernet_text_004948	local_cavium_ethernet_text_004948	octeon-ethernet	retained-or-recovered-symbol	176	0	0	USER_DEFINED	false	false	success	e886f407e26d240292bf7543387d50697408049c43416e658f3189e3ba83a436	0	0	0	decompiled/00104b58_local_cavium_ethernet_text_004948.c	assembly/00104b58_local_cavium_ethernet_text_004948.asm
00104c08	local_cavium_ethernet_text_0049f8	local_cavium_ethernet_text_0049f8	octeon-ethernet	retained-or-recovered-symbol	40	0	0	USER_DEFINED	false	false	success	571fe7ca0ae83b1fa15aff6b0cf1ab9c68bbbd80d78575b0a77427b832db9ca2	0	0	0	decompiled/00104c08_local_cavium_ethernet_text_0049f8.c	assembly/00104c08_local_cavium_ethernet_text_0049f8.asm
00104c30	local_cavium_ethernet_text_004a20	local_cavium_ethernet_text_004a20	octeon-ethernet	retained-or-recovered-symbol	8	0	0	USER_DEFINED	false	false	success	d31fb594c11e5ea97342aa88d6ca0b79e582ce2997c9f372b3db9c0bae5880bb	0	0	0	decompiled/00104c30_local_cavium_ethernet_text_004a20.c	assembly/00104c30_local_cavium_ethernet_text_004a20.asm
00104c38	cvm_ipfwd_find_entry	cvm_ipfwd_find_entry	octeon-offload	retained-or-recovered-symbol	1	0	0	IMPORTED	false	false	success	1ab730e8050326593b4d0f690705e5eb3841b28f737c9d1f0809c5ee65123877	0	0	0	decompiled/00104c38_cvm_ipfwd_find_entry.c	assembly/00104c38_cvm_ipfwd_find_entry.asm
00104db8	cvm_ipfwd_ct_match_find	cvm_ipfwd_ct_match_find	octeon-offload	retained-or-recovered-symbol	1	0	0	IMPORTED	false	false	success	7acb8df62fca4c4a11b1e1d8f5eb7ea43fefee253b52b38c06800137e5c54078	0	0	0	decompiled/00104db8_cvm_ipfwd_ct_match_find.c	assembly/00104db8_cvm_ipfwd_ct_match_find.asm
00104f28	cvm_ipfwd_ptr_flush	cvm_ipfwd_ptr_flush	octeon-offload	retained-or-recovered-symbol	1	0	0	IMPORTED	false	false	success	280a029d67a1a03361ee17b5832eb1ca2ad2c6c8735eb53fe9b0e8286c8b4a1d	0	0	0	decompiled/00104f28_cvm_ipfwd_ptr_flush.c	assembly/00104f28_cvm_ipfwd_ptr_flush.asm
00104fb8	cvm_ipfwd_ptr_free	cvm_ipfwd_ptr_free	octeon-offload	retained-or-recovered-symbol	1	0	0	IMPORTED	false	false	success	dfc791b0b070c3e97842159b7843113ea9ed54eb70e6f2270caba7ee2e1ac2d9	0	0	0	decompiled/00104fb8_cvm_ipfwd_ptr_free.c	assembly/00104fb8_cvm_ipfwd_ptr_free.asm
00105040	cvm_ipfwd_setup_entry	cvm_ipfwd_setup_entry	octeon-offload	retained-or-recovered-symbol	1	0	0	IMPORTED	false	false	success	e034608c5e5af2ea95934b0d96c251284e1c406d92d73bcffa552d467c0f1346	0	0	0	decompiled/00105040_cvm_ipfwd_setup_entry.c	assembly/00105040_cvm_ipfwd_setup_entry.asm
00105158	cvm_ipfwd_ptr_alloc	cvm_ipfwd_ptr_alloc	octeon-offload	retained-or-recovered-symbol	1	0	0	IMPORTED	false	false	success	01b6ea9007ccc2d9d0ab556676e86aaa2aac7cd665218573c061d2ade64ea801	0	0	0	decompiled/00105158_cvm_ipfwd_ptr_alloc.c	assembly/00105158_cvm_ipfwd_ptr_alloc.asm
00105188	local_cavium_ethernet_text_004f78	local_cavium_ethernet_text_004f78	octeon-ethernet	retained-or-recovered-symbol	300	0	0	USER_DEFINED	false	false	success	314025a4e7ad4f13596d5643db930febea953172febabb1bffee3ee0cc0dae35	0	0	0	decompiled/00105188_local_cavium_ethernet_text_004f78.c	assembly/00105188_local_cavium_ethernet_text_004f78.asm
001052b8	ip_fastfwd_proc_tbl_init	ip_fastfwd_proc_tbl_init	module-support	retained-or-recovered-symbol	1	0	0	IMPORTED	false	false	success	c8fbeb26fa2f64066d0d943b10fae39bce8df870e886c000745185bc52ec7c4f	0	0	0	decompiled/001052b8_ip_fastfwd_proc_tbl_init.c	assembly/001052b8_ip_fastfwd_proc_tbl_init.asm
00105390	cvm_mac_sprintf	cvm_mac_sprintf	module-support	retained-or-recovered-symbol	1	0	0	IMPORTED	false	false	success	f97468f021ece346e481249e397184e212f1e81d96caa6e45255e26663979943	0	0	0	decompiled/00105390_cvm_mac_sprintf.c	assembly/00105390_cvm_mac_sprintf.asm
00105480	local_cavium_ethernet_text_005270	local_cavium_ethernet_text_005270	octeon-ethernet	retained-or-recovered-symbol	1076	0	0	USER_DEFINED	false	false	success	92cd47a68a20ff9568ccc8ef2c58c2115342be65a418901055a1892f9e3f987a	0	0	0	decompiled/00105480_local_cavium_ethernet_text_005270.c	assembly/00105480_local_cavium_ethernet_text_005270.asm
001058b8	cvm_ipfwd_ct_refresh	cvm_ipfwd_ct_refresh	octeon-offload	retained-or-recovered-symbol	1	0	0	IMPORTED	false	false	success	8ca2277086cec3b7885b90324896be4748ec6e4adef34e1c24caeda57a67e214	0	0	0	decompiled/001058b8_cvm_ipfwd_ct_refresh.c	assembly/001058b8_cvm_ipfwd_ct_refresh.asm
00105af0	isMarkable	isMarkable	module-support	retained-or-recovered-symbol	1	0	0	IMPORTED	false	false	success	c863c520e72b8ca4cd9e6bc298bdf30d4b27e7315134b8c5e3e351f6f25c77ce	0	0	0	decompiled/00105af0_isMarkable.c	assembly/00105af0_isMarkable.asm
00105b60	cvm_ipfwd_mark_packet	cvm_ipfwd_mark_packet	octeon-offload	retained-or-recovered-symbol	1	0	0	IMPORTED	false	false	success	4557fa6744f8ad87e5dc184e129bd2d6a6329abf705611debf4a6ddd4edaaeba	0	0	0	decompiled/00105b60_cvm_ipfwd_mark_packet.c	assembly/00105b60_cvm_ipfwd_mark_packet.asm
00105cf8	cvm_ipfwd_calculate_ip_header_checksum	cvm_ipfwd_calculate_ip_header_checksum	octeon-offload	retained-or-recovered-symbol	1	0	0	IMPORTED	false	false	success	ed70fedc0293979a508f65460742d2de643cf52e6efa87ddc8b3e70f4fd46bed	0	0	0	decompiled/00105cf8_cvm_ipfwd_calculate_ip_header_checksum.c	assembly/00105cf8_cvm_ipfwd_calculate_ip_header_checksum.asm
00105db0	cvm_ipfwd_random_select	cvm_ipfwd_random_select	octeon-offload	retained-or-recovered-symbol	1	0	0	IMPORTED	false	false	success	3ef917421850741084d37d87cee2515d524432baf12c2314c1cdbda8b9f943d5	0	0	0	decompiled/00105db0_cvm_ipfwd_random_select.c	assembly/00105db0_cvm_ipfwd_random_select.asm
00105dc0	cvm_ipfwd_check_bucket_timestamp	cvm_ipfwd_check_bucket_timestamp	octeon-offload	retained-or-recovered-symbol	1	0	0	IMPORTED	false	false	success	0d250e7a36479a39bd90b16593f9c11cea0f43f54be1a116c3eac114724d151a	0	0	0	decompiled/00105dc0_cvm_ipfwd_check_bucket_timestamp.c	assembly/00105dc0_cvm_ipfwd_check_bucket_timestamp.asm
00105df8	flushFlowInfo	flushFlowInfo	octeon-offload	retained-or-recovered-symbol	1	0	0	IMPORTED	false	false	success	0e61f43317085af1eadda67e38bb4ef2ad38772846bad71f4fb35cdd41fd435c	0	0	0	decompiled/00105df8_flushFlowInfo.c	assembly/00105df8_flushFlowInfo.asm
00105f80	cvm_ipfwd_cache_flow	cvm_ipfwd_cache_flow	octeon-offload	retained-or-recovered-symbol	1	0	0	IMPORTED	false	false	success	bada3b62fe1e208e9455b990e5abf019b1cb1e6ccc50ff9a16cc7bfee5209bcd	0	0	0	decompiled/00105f80_cvm_ipfwd_cache_flow.c	assembly/00105f80_cvm_ipfwd_cache_flow.asm
00106470	is_port_authorised	is_port_authorised	module-support	retained-or-recovered-symbol	1	0	0	IMPORTED	false	false	success	84ff7d1d6b4a20e017f4b3d6b394eb5f3c5fed16a3128c4e27cd46b4c4d2b985	0	0	0	decompiled/00106470_is_port_authorised.c	assembly/00106470_is_port_authorised.asm
00106520	cvm_oct_rx_shutdown	cvm_oct_rx_shutdown	octeon-ethernet	retained-or-recovered-symbol	1	0	0	IMPORTED	false	false	success	67bf9cfc5a0fb60aba6be7d8abc8a7ca81ad6c7a290a24c4dcb1586ad5ddb276	0	0	0	decompiled/00106520_cvm_oct_rx_shutdown.c	assembly/00106520_cvm_oct_rx_shutdown.asm
00106558	cvm_oct_rx_initialize	cvm_oct_rx_initialize	octeon-ethernet	retained-or-recovered-symbol	1	0	0	IMPORTED	false	false	success	797c06ba92f369508e4d4610d74ccb69dd63df0627be1a81af6422eae8fd7e92	0	0	0	decompiled/00106558_cvm_oct_rx_initialize.c	assembly/00106558_cvm_oct_rx_initialize.asm
001065a8	brcmTagDelete	brcmTagDelete	bcm53115-switch	retained-or-recovered-symbol	1	0	0	IMPORTED	false	false	success	2285f890a19b4d2d9d2a199230d3490203827407f350ba277152709a66323f49	0	0	0	decompiled/001065a8_brcmTagDelete.c	assembly/001065a8_brcmTagDelete.asm
00106618	cvm_oct_do_interrupt	cvm_oct_do_interrupt	octeon-ethernet	retained-or-recovered-symbol	1	0	0	IMPORTED	false	false	success	1cbc6562afb5e6d2b892be1f78ecc86501f77d238bd2d7f7deb194a7f5330898	0	0	0	decompiled/00106618_cvm_oct_do_interrupt.c	assembly/00106618_cvm_oct_do_interrupt.asm
00106708	cvm_oct_tasklet_rx	cvm_oct_tasklet_rx	octeon-ethernet	retained-or-recovered-symbol	1	0	0	IMPORTED	false	false	success	2e364210253d1fbf04f7b6d51bc54db78bb5471b4821d0fbd07c8396988105bb	0	0	0	decompiled/00106708_cvm_oct_tasklet_rx.c	assembly/00106708_cvm_oct_tasklet_rx.asm
00108240	cvm_oct_sgmii_uninit	cvm_oct_sgmii_uninit	mdio-pseudophy	retained-or-recovered-symbol	1	0	0	IMPORTED	false	false	success	5de0ab489df368d881cb397ddbf295f33e67cf5d847de93ba284039460e3352d	0	0	0	decompiled/00108240_cvm_oct_sgmii_uninit.c	assembly/00108240_cvm_oct_sgmii_uninit.asm
00108260	cvm_oct_sgmii_init	cvm_oct_sgmii_init	mdio-pseudophy	retained-or-recovered-symbol	1	0	0	IMPORTED	false	false	success	ee1a6fe8f02f91dc0c06f78ab2fc8c99e9e3de08aff291ffb7299e2f8f6a49df	0	0	0	decompiled/00108260_cvm_oct_sgmii_init.c	assembly/00108260_cvm_oct_sgmii_init.asm
00108328	local_cavium_ethernet_text_008118	local_cavium_ethernet_text_008118	octeon-ethernet	retained-or-recovered-symbol	532	0	0	USER_DEFINED	false	false	success	fd4b025bec654b75cbdfea1cf7999bbcb31c01e3dfa922ef390065ebc5641480	0	0	0	decompiled/00108328_local_cavium_ethernet_text_008118.c	assembly/00108328_local_cavium_ethernet_text_008118.asm
00108610	local_cavium_ethernet_text_008400	local_cavium_ethernet_text_008400	octeon-ethernet	retained-or-recovered-symbol	252	0	0	USER_DEFINED	false	false	success	88eb15a873cc97d578207a395a64c94c08ead3819c3ec203eb41cbed84221924	0	0	0	decompiled/00108610_local_cavium_ethernet_text_008400.c	assembly/00108610_local_cavium_ethernet_text_008400.asm
00108710	local_cavium_ethernet_text_008500	local_cavium_ethernet_text_008500	octeon-ethernet	retained-or-recovered-symbol	248	0	0	USER_DEFINED	false	false	success	ee0267df4bd8df0325e287a4c966256376f172638ec9c284951010ef0fb9d7b7	0	0	0	decompiled/00108710_local_cavium_ethernet_text_008500.c	assembly/00108710_local_cavium_ethernet_text_008500.asm
00108810	local_cavium_ethernet_text_008600	local_cavium_ethernet_text_008600	octeon-ethernet	retained-or-recovered-symbol	104	0	0	USER_DEFINED	false	false	success	184621e7ea50dae60347477536560c6be58761ad489e040b157aea67952129a9	0	0	0	decompiled/00108810_local_cavium_ethernet_text_008600.c	assembly/00108810_local_cavium_ethernet_text_008600.asm
00108878	cvm_oct_spi_init	cvm_oct_spi_init	octeon-ethernet	retained-or-recovered-symbol	1	0	0	IMPORTED	false	false	success	b196313f20b552d2aed00e5cf961a919bdc346354464bfd1383c10fbd9bd7d7e	0	0	0	decompiled/00108878_cvm_oct_spi_init.c	assembly/00108878_cvm_oct_spi_init.asm
00108a20	local_cavium_ethernet_text_008810	local_cavium_ethernet_text_008810	octeon-ethernet	retained-or-recovered-symbol	364	0	0	USER_DEFINED	false	false	success	e5ea93393360107dc70d084055fa0abdde4065372c9603c0cc6ff7a7dd71a252	0	0	0	decompiled/00108a20_local_cavium_ethernet_text_008810.c	assembly/00108a20_local_cavium_ethernet_text_008810.asm
00108b90	cvm_oct_spi_uninit	cvm_oct_spi_uninit	octeon-ethernet	retained-or-recovered-symbol	1	0	0	IMPORTED	false	false	success	2fbf41ccc46fbcfd49be474f1112a696ee0138069350b83ab2c61dd8c4f037a2	0	0	0	decompiled/00108b90_cvm_oct_spi_uninit.c	assembly/00108b90_cvm_oct_spi_uninit.asm
00108ca0	local_cavium_ethernet_text_008a90	local_cavium_ethernet_text_008a90	octeon-ethernet	retained-or-recovered-symbol	592	0	0	USER_DEFINED	false	false	success	00bdb1c117e2b3f2e2739a5395cddcee5b80177af96d06a2bdab76ae9f29b130	0	0	0	decompiled/00108ca0_local_cavium_ethernet_text_008a90.c	assembly/00108ca0_local_cavium_ethernet_text_008a90.asm
00109b50	brcmTagAdd	brcmTagAdd	bcm53115-switch	retained-or-recovered-symbol	1	0	0	IMPORTED	false	false	success	f82120e391f6ee50b674b25316604ca92a54042d9e2032791511a23ccdd77b1c	0	0	0	decompiled/00109b50_brcmTagAdd.c	assembly/00109b50_brcmTagAdd.asm
00109ff8	cvm_oct_tx_shutdown	cvm_oct_tx_shutdown	octeon-ethernet	retained-or-recovered-symbol	1	0	0	IMPORTED	false	false	success	ae7334d5fa1286dd4cf936b5edc4c847bdc4c42fd839edc93772208a0c48fc42	0	0	0	decompiled/00109ff8_cvm_oct_tx_shutdown.c	assembly/00109ff8_cvm_oct_tx_shutdown.asm
0010a0e0	cvm_oct_transmit_qos	cvm_oct_transmit_qos	octeon-ethernet	retained-or-recovered-symbol	1	0	0	IMPORTED	false	false	success	f0ef1b28f778ea89ad79f231bc16581a0c2d0bdb103cfe9c50fcac172aa6508b	0	0	0	decompiled/0010a0e0_cvm_oct_transmit_qos.c	assembly/0010a0e0_cvm_oct_transmit_qos.asm
0010a770	cvm_oct_xmit_pow	cvm_oct_xmit_pow	octeon-ethernet	retained-or-recovered-symbol	1	0	0	IMPORTED	false	false	success	02b7b3701884482683b986b61e121daaa253505a800c78f635b6517a8f011b1a	0	0	0	decompiled/0010a770_cvm_oct_xmit_pow.c	assembly/0010a770_cvm_oct_xmit_pow.asm
0010ad60	cvm_oct_xmit	cvm_oct_xmit	octeon-ethernet	retained-or-recovered-symbol	1	0	0	IMPORTED	false	false	success	c74eece6817adc49ed87f9df84dafac7b259d17b98efec1abca3d9977353a5be	0	0	0	decompiled/0010ad60_cvm_oct_xmit.c	assembly/0010ad60_cvm_oct_xmit.asm
0010b7e0	cvm_oct_xaui_uninit	cvm_oct_xaui_uninit	octeon-ethernet	retained-or-recovered-symbol	1	0	0	IMPORTED	false	false	success	105b9bc99e1b5e1bbbc552d11535c5b01613a266fc8026f35617bd3ad88fcbde	0	0	0	decompiled/0010b7e0_cvm_oct_xaui_uninit.c	assembly/0010b7e0_cvm_oct_xaui_uninit.asm
0010b800	cvm_oct_xaui_init	cvm_oct_xaui_init	octeon-ethernet	retained-or-recovered-symbol	1	0	0	IMPORTED	false	false	success	b7b8cec5909059fa5bea82c7848895a8dad9caca532aa3af09530623f28d0489	0	0	0	decompiled/0010b800_cvm_oct_xaui_init.c	assembly/0010b800_cvm_oct_xaui_init.asm
0010b880	local_cavium_ethernet_text_00b670	local_cavium_ethernet_text_00b670	octeon-ethernet	retained-or-recovered-symbol	252	0	0	USER_DEFINED	false	false	success	ba5601cc619322bd15dc876dccded4372479ccba5588581fb299ffe7a8da2d40	0	0	0	decompiled/0010b880_local_cavium_ethernet_text_00b670.c	assembly/0010b880_local_cavium_ethernet_text_00b670.asm
0010b980	local_cavium_ethernet_text_00b770	local_cavium_ethernet_text_00b770	octeon-ethernet	retained-or-recovered-symbol	248	0	0	USER_DEFINED	false	false	success	6190b16a712dda90cb68630f8f1862e46f5751519237e88453e89d85626154bb	0	0	0	decompiled/0010b980_local_cavium_ethernet_text_00b770.c	assembly/0010b980_local_cavium_ethernet_text_00b770.asm
0010ba80	init_module	init_module	module-lifecycle	retained-or-recovered-symbol	1	0	0	IMPORTED	false	false	success	43976346e1fd727f4d7c2590664335cf293817ef7fb700a9e9a1990ad9a210a4	0	0	0	decompiled/0010ba80_init_module.c	assembly/0010ba80_init_module.asm
0010cc08	cleanup_module	cleanup_module	module-lifecycle	retained-or-recovered-symbol	1	0	0	IMPORTED	false	false	success	1be0c56acec291f2461b074ce5460844b120e6b7f59e3699bdc9da8475a2894a	0	0	0	decompiled/0010cc08_cleanup_module.c	assembly/0010cc08_cleanup_module.asm
